x,y,yerrl,yerru,xerrl,xerru,y_upper_limit,y_lower_limit,x_upper_limit,x_lower_limit
-1.95163245330925,1.62475727208962,0.1749080237694725,0.39391692555291175,0.06354346550816126,0.20682688320213038,False,True,False,True
-1.8311982325966776,1.519871330284169,0.2901428612819832,0.35502656467222293,0.1752953743383857,0.13558736312452002,False,False,False,False
-1.703017415956375,1.6617549262000262,0.24639878836228102,0.38789978831283783,0.09811700974576038,0.14880995472389016,True,False,False,True
-1.602326304648085,1.0540036527169214,0.2197316968394073,0.3789654700855298,0.07797777655997815,0.2119737107677036,False,False,False,False
-1.8481311410215306,1.6157938666366256,0.1312037280884873,0.3195799957622171,0.05611627123321459,0.1974449348570822,False,True,False,False
-1.7634669009531094,1.7736915870858396,0.13119890406724052,0.3843748470046234,0.1386339414782363,0.2273835115741267,False,False,False,True
-1.420001683552633,1.9413056870154233,0.1116167224336399,0.2176985004103839,0.15163465427634237,0.19864193384505152,False,False,False,False
-1.367499114530345,1.5814966434428603,0.273235229154987,0.23919657248382906,0.05248817433917843,0.18524629050032076,True,False,False,False
-1.2849102502408345,1.557081842928199,0.22022300234864176,0.20904545778210762,0.12681395874489215,0.11405121517421388,True,False,False,True
-0.8046509361750892,1.6198235001494856,0.2416145155592091,0.2650660661526529,0.08397436627969071,0.15515737045891503,False,False,False,False
-1.1018773406663893,1.938039534153226,0.10411689885916049,0.27773545793789645,0.1467759185614175,0.1397803551522588,False,False,True,False
-0.9812430847259661,1.869711026730533,0.2939819704323988,0.2542698063547792,0.07615496435074873,0.13659844650686254,True,False,True,False
-0.8298023105724343,1.6284516233086312,0.26648852816008434,0.3657475018303859,0.15364066071536991,0.24595158321286684,True,False,True,False
-0.8518229333631195,1.918444674379595,0.14246782213565523,0.2713506653387179,0.10801030194508063,0.15896465870001406,False,False,True,False
-0.9240298254620607,1.8476254165690844,0.1363649934414201,0.2561869019374762,0.19050949831051023,0.233806983276567,False,True,False,False
-0.674833340936414,2.0605280779679793,0.13668090197068677,0.30853921663164974,0.070628141621899,0.19467079389958944,False,False,False,True
-0.8176770590181079,1.7246634761039425,0.16084844859190756,0.22818484499495253,0.10115995265753878,0.21922169553124726,False,False,False,False
-0.6409492777612168,1.784922458064726,0.20495128632644755,0.36043939615080794,0.06702102818608836,0.17539556396577882,True,False,True,False
-0.6216760628417363,1.815201220178336,0.18638900372842315,0.21491012873595416,0.18870404274178443,0.18653558269395387,True,False,False,False
-0.4344273413711273,1.5036226410285682,0.15824582803960838,0.39737738732010347,0.18160090300714715,0.17387765407282957,False,False,False,False
-0.11507497233132702,2.0119345921799594,0.22237057894447587,0.3544489538593315,0.08869124415727335,0.1292864481697067,False,False,True,False
-0.6193622945312356,1.990844572093052,0.12789877213040837,0.2397431363068345,0.14899760690512687,0.20836781728922582,False,True,False,False
-0.0960988715558033,1.9601029025757666,0.15842892970704364,0.20110442342472049,0.1725833300301824,0.14211585436612836,False,False,False,False
-0.31349736284739693,1.9125980807278082,0.17327236865873835,0.36309228569096685,0.13328012173991938,0.10364739496471809,False,False,False,False
-0.11780456125853442,1.6149337918589581,0.19121399684340717,0.3413714687695234,0.12944758675340098,0.19682084438607517,False,False,False,False
0.1567048695499328,1.881373061770656,0.2570351922786027,0.3458014336081975,0.08627784363506777,0.12656660191105734,False,True,True,False
0.1322527817829787,1.9398069536702136,0.13993475643167194,0.35425406933718917,0.06396541517088489,0.24106878765293716,False,False,False,False
-0.02637881120604857,1.8732784419489819,0.2028468876827223,0.21480893034681808,0.18458236369299902,0.2430892865503881,True,False,False,False
0.1346806374221782,2.017613659845319,0.21848291377240847,0.27169314570885456,0.18506270857449958,0.23722965853306727,False,False,False,True
0.46945277079453795,2.1406355484611157,0.10929008254399955,0.22317381190502594,0.1449652185909902,0.15552380503831667,False,False,False,False
0.37478421619605384,2.6501154082671845,0.22150897038028766,0.3726206851751187,0.1008544686573051,0.10231849247933011,False,False,False,False
0.5675865345213332,2.146167496131581,0.1341048247374583,0.32465962536551163,0.10238143619189914,0.2392477843881588,False,False,True,False
0.61960750660931,2.17127923607832,0.1130103185970559,0.26617960497052984,0.15889335183053593,0.16422762224759715,True,False,True,False
0.5539252769502565,2.120071391602184,0.28977710745066665,0.21271167005720473,0.1845665389928866,0.24499822285655043,False,True,False,False
1.2338918395505505,1.6223332708205669,0.29312640661491185,0.2621964643431325,0.1830629636397676,0.24454299656338793,True,False,True,False
0.9823205485865335,2.164445928441207,0.26167946962329225,0.26503666440534945,0.1669813318786436,0.22795141832010402,False,False,False,True
0.6446518197397706,2.2030187619883512,0.16092275383467414,0.3459212356676128,0.1463047469231432,0.14416733381043786,True,False,False,False
1.040954091319784,2.754672797226632,0.11953442280127678,0.32751149427104265,0.06262099474925734,0.1577646592902888,True,False,False,True
1.0021392496551307,2.1613255361238304,0.23684660530243137,0.3774425485152653,0.07424430711419207,0.22767050072752854,True,False,False,False
1.3253144013834908,2.3094789922677466,0.18803049874792027,0.29444298503238986,0.1847831282790619,0.14753830077344166,False,False,False,False
1.159747007846693,2.2470157099313846,0.12440764696895577,0.22391884918766036,0.1409643589489385,0.1254239120029139,False,False,False,False
1.3334629949676944,1.9528604596733639,0.19903538202225401,0.342648957444599,0.05137955774249445,0.18352018936875253,False,False,False,False
1.5057445812775039,2.54801195759046,0.10687770422304368,0.3521570097233795,0.06522073142990482,0.24042321612411716,False,True,False,False
1.6634123347990293,2.525409862526089,0.2818640804157564,0.3122554395138993,0.1495252653662084,0.20440446950124597,False,True,False,False
1.4500406710273261,2.518478429211889,0.1517559963200034,0.35419343599091224,0.050759237576932806,0.18550917551340473,False,False,False,False
1.64190958387753,2.0931316618837967,0.23250445687079638,0.2987591192728782,0.0741212077126248,0.11457647406561529,False,False,False,False
1.6780276420552958,2.6784948711427385,0.1623422152178822,0.30454656587639883,0.13231006840498793,0.19225108400487545,False,False,True,False
1.7053200153876271,2.0242286054381062,0.20401360423556214,0.2855082036717099,0.153784279653904,0.2485080775156395,False,True,True,False
2.1556503916185674,2.505277853511207,0.20934205586865592,0.20508382534881905,0.1477941889253901,0.12101260228547861,True,False,True,False
2.052929053180879,2.7926930304011046,0.1369708911051054,0.2215782853986609,0.08364039641908397,0.1777494478545605,False,False,True,False
